{
  "extra_miss_ratio": 0.7355744047619046,
  "mean_iou": 0.3064759888664534,
  "spatial_accuracy": 0.04839583333333333
}