{
  "extra_miss_ratio": 0.4977152777777777,
  "mean_iou": 0.5608744237756905,
  "spatial_accuracy": 0.15509226190476189
}