{
  "extra_miss_ratio": 0.8455327380952382,
  "mean_iou": 0.18899635709991633,
  "spatial_accuracy": 0.025817460317460315
}