{
  "extra_miss_ratio": 0.5300128968253968,
  "mean_iou": 0.5153200017910667,
  "spatial_accuracy": 0.14422222222222222
}