{
  "precision": 0.9941319444444444,
  "recall": 0.9672220418470419,
  "accuracy": 0.8875,
  "overlap_rate": 0.15839672401615196
}