{
  "precision": 1.0,
  "recall": 0.983188492063492,
  "accuracy": 0.9375,
  "overlap_rate": 0.07146869097524115
}