{
  "precision": 0.9933368185486829,
  "recall": 0.960833109138194,
  "accuracy": 0.89,
  "overlap_rate": 0.05560352845602646
}