{
  "precision": 1.0,
  "recall": 0.9828660714285715,
  "accuracy": 0.935,
  "overlap_rate": 0.09848359379306726
}