{
  "precision": 1.0,
  "recall": 0.9811541565778854,
  "accuracy": 0.9325,
  "overlap_rate": 0.03941729833797652
}