{
  "precision": 1.0,
  "recall": 0.9910406746031746,
  "accuracy": 0.955,
  "overlap_rate": 0.014478810833909386
}