{
  "precision": 0.9933694287507847,
  "recall": 0.9629627591491998,
  "accuracy": 0.8875,
  "overlap_rate": 0.15839672401615196
}