{
  "precision": 0.9941030844155844,
  "recall": 0.9653373015873017,
  "accuracy": 0.8875,
  "overlap_rate": 0.05560352845602646
}