{
  "precision": 1.0,
  "recall": 0.9810039458344543,
  "accuracy": 0.9375,
  "overlap_rate": 0.07146869097524115
}