{
  "precision": 1.0,
  "recall": 0.9898764684781634,
  "accuracy": 0.955,
  "overlap_rate": 0.014478810833909386
}