{
  "overall": 0.7685257936507937,
  "3": 0.85,
  "4": 0.8866666666666666,
  "5": 0.825,
  "6": 0.8039999999999999,
  "7": 0.7,
  "8": 0.7514285714285712,
  "9": 0.68
}