{
  "overall": 0.6954672619047619,
  "3": 0.81,
  "4": 0.8333333333333333,
  "5": 0.72,
  "6": 0.716,
  "7": 0.6833333333333331,
  "8": 0.6285714285714286,
  "9": 0.6125
}