{
  "overall": 0.44505257936507936,
  "3": 0.68,
  "4": 0.6333333333333333,
  "5": 0.51,
  "6": 0.408,
  "7": 0.39,
  "8": 0.2771428571428571,
  "9": 0.3775
}