{
  "overall": 0.7718581349206349,
  "3": 0.84,
  "4": 0.8866666666666666,
  "5": 0.83,
  "6": 0.8079999999999999,
  "7": 0.7366666666666666,
  "8": 0.7371428571428571,
  "9": 0.7075
}