{
  "overall": 0.7323095238095237,
  "3": 0.83,
  "4": 0.8533333333333333,
  "5": 0.765,
  "6": 0.688,
  "7": 0.7300000000000001,
  "8": 0.697142857142857,
  "9": 0.695
}