{
  "overall": 0.7287073412698413,
  "3": 0.84,
  "4": 0.84,
  "5": 0.745,
  "6": 0.7120000000000001,
  "7": 0.7166666666666666,
  "8": 0.6857142857142855,
  "9": 0.6725
}