{
  "overall": 0.41553174603174603,
  "3": 0.63,
  "4": 0.5533333333333333,
  "5": 0.445,
  "6": 0.37599999999999995,
  "7": 0.33666666666666667,
  "8": 0.3171428571428571,
  "9": 0.355
}