{
  "overall": 0.6792261904761905,
  "3": 0.71,
  "4": 0.76,
  "5": 0.76,
  "6": 0.7399999999999999,
  "7": 0.6766666666666665,
  "8": 0.6371428571428571,
  "9": 0.61
}