{
  "overall": 0.7209553571428572,
  "3": 0.84,
  "4": 0.86,
  "5": 0.74,
  "6": 0.7479999999999998,
  "7": 0.66,
  "8": 0.6971428571428571,
  "9": 0.6625
}