{
  "overall": 0.733124007936508,
  "3": 0.85,
  "4": 0.8666666666666666,
  "5": 0.745,
  "6": 0.7239999999999999,
  "7": 0.7200000000000002,
  "8": 0.7257142857142855,
  "9": 0.6825
}