{
  "overall": 0.7113244047619047,
  "3": 0.84,
  "4": 0.86,
  "5": 0.76,
  "6": 0.72,
  "7": 0.6433333333333333,
  "8": 0.6314285714285715,
  "9": 0.6425
}