{
  "overall": 0.6903432539682539,
  "3": 0.8,
  "4": 0.8066666666666668,
  "5": 0.71,
  "6": 0.696,
  "7": 0.7166666666666666,
  "8": 0.6228571428571428,
  "9": 0.635
}