{
  "extra_miss_ratio": 0.5985297619047619,
  "spatial_accuracy": 0.025698412698412696,
  "UniDet": 0.01898313492063492
}