{
  "extra_miss_ratio": 0.2,
  "mean_iou": 0.15559635176096873,
  "UniDet": 0.5,
  "spatial_accuracy": 0.5,
  "mean_iou_stage2": 0.00984324365320384
}