{
  "extra_miss_ratio": 1.893541666666667,
  "precision": 0.7139332960379534,
  "recall": 0.7654348845598845,
  "numeracy_accuracy": 0.1025,
  "mean_iou_stage2": 0.04101255531705074
}