{
  "extra_miss_ratio": 0.4993869047619048,
  "mean_iou": 0.5608271170530316,
  "spatial_accuracy": 0.15979761904761905,
  "UniDet": 0.15854761904761905
}