{
  "extra_miss_ratio": 0.5597609126984127,
  "mean_iou": 0.3204660457874142,
  "spatial_accuracy": 0.040285714285714286,
  "UniDet": 0.03757738095238095
}