{
  "extra_miss_ratio": 0.4919900793650793,
  "mean_iou": 0.5233103262237256,
  "spatial_accuracy": 0.12446230158730158,
  "UniDet": 0.12062896825396825
}