{
  "extra_miss_ratio": 0.5373571428571428,
  "mean_iou_stage1_2": 0.5273756472660501,
  "mean_iou_stage2": 0.018152052313582474
}