{
  "extra_miss_ratio": 0.5011190476190476,
  "mean_iou": 0.5670092852578357,
  "spatial_accuracy": 0.16076785714285713,
  "UniDet": 0.15797619047619046
}