{
  "extra_miss_ratio": 0.5061666666666667,
  "mean_iou": 0.5562197390261049,
  "spatial_accuracy": 0.16007738095238097,
  "UniDet": 0.15436904761904763
}