{
  "extra_miss_ratio": 0.48145337301587304,
  "mean_iou": 0.5740586573795202,
  "UniDet": 0.14859920634920637,
  "spatial_accuracy": 0.15391468253968252,
  "mean_iou_stage2": 0.019870447652719586
}