{
  "extra_miss_ratio": 0.9502083333333333,
  "mean_iou": 0.6745414070298592,
  "mean_iou_stage2": 0.01499277731944844,
  "precision": 0.7873923853923854,
  "recall": 0.6601326659451658,
  "numeracy_accuracy": 0.395
}