{
  "extra_miss_ratio": 0.6049890873015873,
  "mean_iou": 0.3159488057124905,
  "spatial_accuracy": 0.03873511904761905,
  "UniDet": 0.03602678571428572
}