{
  "extra_miss_ratio": 0.5899156746031745,
  "mean_iou": 0.32804580207864076,
  "spatial_accuracy": 0.033498015873015874,
  "UniDet": 0.033498015873015874
}