{
  "extra_miss_ratio": 0.6032688492063493,
  "mean_iou": 0.30024830025519167,
  "spatial_accuracy": 0.04947123015873015,
  "UniDet": 0.04947123015873015
}