{
  "extra_miss_ratio": 0.48756944444444444,
  "mean_iou": 0.5672346076737872,
  "spatial_accuracy": 0.15443749999999998,
  "UniDet": 0.15253472222222222
}