{
  "extra_miss_ratio": 0.9627083333333334,
  "mean_iou": 0.716935294761966,
  "mean_iou_stage2": 0.01893951692233447,
  "precision": 0.8029454365079366,
  "recall": 0.6806441197691196,
  "numeracy_accuracy": 0.3425
}