{
  "extra_miss_ratio": 0.4924920634920635,
  "mean_iou": 0.5521701747433906,
  "spatial_accuracy": 0.15001587301587302,
  "UniDet": 0.14489781746031746
}