{
  "extra_miss_ratio": 0.5884156746031746,
  "spatial_accuracy": 0.028027777777777776,
  "UniDet": 0.019756944444444445,
  "mean_iou_stage2": 0.06122392742112691
}