{
  "extra_miss_ratio": 0.7469166666666667,
  "mean_iou_stage2": 0.04626346388015827
}