{
  "extra_miss_ratio": 0.49908035714285715,
  "mean_iou": 0.5481859653234007,
  "spatial_accuracy": 0.09977777777777778,
  "UniDet": 0.09563194444444445
}