{
  "extra_miss_ratio": 0.5889166666666666,
  "mean_iou_stage1_2": 0.5312914793919377,
  "mean_iou_stage2": 0.01778500590401967
}