{
  "extra_miss_ratio": 0.48344543650793653,
  "mean_iou": 0.5403550637369394,
  "spatial_accuracy": 0.10683134920634921,
  "UniDet": 0.1035327380952381
}