{
  "extra_miss_ratio": 0.4840515873015873,
  "mean_iou": 0.5731232100426524,
  "spatial_accuracy": 0.1502718253968254,
  "UniDet": 0.14448015873015874
}