{
  "extra_miss_ratio": 1.893541666666667,
  "precision": 0.5989332960379534,
  "recall": 0.6504348845598845,
  "numeracy_accuracy": 0.14,
  "mean_iou_stage2": 0.04101255531705074
}