{
  "extra_miss_ratio": 0.6727738095238095,
  "mean_iou_stage1_2": 0.5599090131610002,
  "mean_iou_stage2": 0.027760394005703307
}