{
  "extra_miss_ratio": 0.4977152777777777,
  "mean_iou": 0.5608744237756905,
  "UniDet": 0.15708531746031748,
  "spatial_accuracy": 0.1611061507936508,
  "mean_iou_stage2": 0.018769000816353677
}