{
  "extra_miss_ratio": 0.5667648809523809,
  "mean_iou": 0.3125372573000737,
  "spatial_accuracy": 0.04137599206349206,
  "UniDet": 0.03887599206349206
}