{
  "extra_miss_ratio": 0.5966021825396826,
  "mean_iou": 0.3136409533989447,
  "UniDet": 0.041051587301587304,
  "spatial_accuracy": 0.04553075396825397,
  "mean_iou_stage2": 0.014746259199892347
}