{
  "extra_miss_ratio": 1.6055119047619046,
  "mean_iou_stage2": 0.028104997102903706
}