{
  "extra_miss_ratio": 0.5884156746031746,
  "spatial_accuracy": 0.028027777777777776,
  "UniDet": 0.019756944444444445
}