{
  "extra_miss_ratio": 0.5814970238095237,
  "spatial_accuracy": 0.02864484126984127,
  "UniDet": 0.020739087301587304
}