{
  "extra_miss_ratio": 0.7984404761904762,
  "mean_iou_stage1_2": 0.4599197776214575,
  "mean_iou_stage2": 0.025752552768112648
}