{
  "extra_miss_ratio": 0.579015873015873,
  "mean_iou": 0.2937804610640037,
  "spatial_accuracy": 0.038530753968253964,
  "UniDet": 0.03519742063492064
}