{
  "extra_miss_ratio": 0.486156746031746,
  "mean_iou": 0.5706046713067996,
  "spatial_accuracy": 0.15129960317460317,
  "UniDet": 0.1470982142857143
}