{
  "extra_miss_ratio": 0.7301666666666666,
  "mean_iou_stage1_2": 0.5533941220008018,
  "mean_iou_stage2": 0.025767526292272355
}