{
  "extra_miss_ratio": 0.4855545634920635,
  "mean_iou": 0.5695322296736803,
  "spatial_accuracy": 0.17059623015873016,
  "UniDet": 0.16997123015873014
}