{
  "extra_miss_ratio": 0.5800644841269842,
  "spatial_accuracy": 0.062276785714285715,
  "UniDet": 0.05852678571428571,
  "mean_iou_stage2": 0.030029587418791782
}