{
  "extra_miss_ratio": 0.5710218253968253,
  "mean_iou": 0.2933947749849382,
  "spatial_accuracy": 0.04787003968253968,
  "UniDet": 0.047512896825396826
}