{
  "extra_miss_ratio": 0.6459761904761905,
  "mean_iou_stage1_2": 0.543120063981978,
  "mean_iou_stage2": 0.027565102404801464
}