{
  "extra_miss_ratio": 0.9525,
  "precision": 0.7964420024420025,
  "recall": 0.6485678210678211,
  "numeracy_accuracy": 0.1225,
  "mean_iou_stage2": 0.05789793850562076
}