{
  "extra_miss_ratio": 0.9627083333333334,
  "mean_iou": 0.716935294761966,
  "mean_iou_stage2": 0.01893951692233447,
  "precision": 0.9179454365079366,
  "recall": 0.7956441197691198,
  "numeracy_accuracy": 0.3025
}