{
  "extra_miss_ratio": 1.7178333333333333,
  "mean_iou_stage2": 0.027515649109461703
}