{
  "extra_miss_ratio": 0.5813105158730159,
  "mean_iou": 0.3214640550231037,
  "spatial_accuracy": 0.04202876984126984,
  "UniDet": 0.03890376984126984
}