{
  "extra_miss_ratio": 0.5615654761904761,
  "mean_iou": 0.29050576702016,
  "spatial_accuracy": 0.03875496031746031,
  "UniDet": 0.03742162698412698
}