{
  "extra_miss_ratio": 0.7261666666666667,
  "mean_iou_stage1_2": 0.5640015654468526,
  "mean_iou_stage2": 0.027685192381429063
}