{
  "extra_miss_ratio": 0.6162549603174604,
  "mean_iou": 0.2954063391643977,
  "spatial_accuracy": 0.04645337301587302,
  "UniDet": 0.046096230158730156
}