{
  "extra_miss_ratio": 0.9858333333333335,
  "mean_iou": 0.4984501833600971,
  "mean_iou_stage2": 0.015802568975337338,
  "precision": 0.6992736103765514,
  "recall": 0.5319126984126984,
  "numeracy_accuracy": 0.165
}