{
  "extra_miss_ratio": 0.7543333333333334,
  "mean_iou_stage1_2": 0.5623397219662819,
  "mean_iou_stage2": 0.02450476559439541
}