{
  "extra_miss_ratio": 0.9579166666666665,
  "mean_iou": 0.7121541292493113,
  "mean_iou_stage2": 0.022062029997857096,
  "precision": 0.9082004870129871,
  "recall": 0.7999909812409812,
  "numeracy_accuracy": 0.3775
}