{
  "extra_miss_ratio": 0.9895833333333333,
  "mean_iou": 0.5243761428923013,
  "mean_iou_stage2": 0.008276097964841458,
  "precision": 0.702248348873349,
  "recall": 0.5395959595959596,
  "numeracy_accuracy": 0.1825
}