{
  "extra_miss_ratio": 0.5483353174603175,
  "spatial_accuracy": 0.06597123015873016,
  "UniDet": 0.060193452380952375
}