{
  "extra_miss_ratio": 0.5454037698412698,
  "mean_iou": 0.29235240538576085,
  "spatial_accuracy": 0.039244047619047616,
  "UniDet": 0.03888690476190476
}