{
  "extra_miss_ratio": 0.6204791666666667,
  "mean_iou": 0.3284186814391352,
  "spatial_accuracy": 0.036302579365079364,
  "UniDet": 0.036302579365079364
}