{
  "extra_miss_ratio": 0.5761329365079365,
  "mean_iou": 0.29253151206441236,
  "spatial_accuracy": 0.04024206349206349,
  "UniDet": 0.03974206349206349
}