{
  "extra_miss_ratio": 0.5046398809523809,
  "mean_iou": 0.555472967181379,
  "spatial_accuracy": 0.15422916666666667,
  "UniDet": 0.15
}