{
  "extra_miss_ratio": 0.9916666666666667,
  "mean_iou": 0.6721273800660927,
  "mean_iou_stage2": 0.020820454586320213,
  "precision": 0.902527808996559,
  "recall": 0.8176239177489176,
  "numeracy_accuracy": 0.3775
}