{
  "extra_miss_ratio": 0.9525,
  "precision": 0.6814420024420025,
  "recall": 0.5335678210678211,
  "numeracy_accuracy": 0.16,
  "mean_iou_stage2": 0.05789793850562076
}