{
  "extra_miss_ratio": 1.0064583333333332,
  "mean_iou": 0.5050062134808755,
  "mean_iou_stage2": 0.007942338366181065,
  "precision": 0.7050490054536107,
  "recall": 0.5509436327561328,
  "numeracy_accuracy": 0.195
}