{
  "extra_miss_ratio": 0.8477083333333334,
  "mean_iou": 0.5574005836517565,
  "mean_iou_stage2": 0.013673677441721816,
  "precision": 0.7383053300865801,
  "recall": 0.5693375721500721,
  "numeracy_accuracy": 0.2025
}