{
  "extra_miss_ratio": 0.48526091269841276,
  "mean_iou": 0.5259134451570882,
  "spatial_accuracy": 0.13557043650793651,
  "UniDet": 0.13111210317460317
}