{
  "extra_miss_ratio": 0.5729335317460318,
  "mean_iou": 0.29605802842863066,
  "spatial_accuracy": 0.0480843253968254,
  "UniDet": 0.046750992063492064
}