{
  "extra_miss_ratio": 0.93875,
  "mean_iou": 0.7204256562813686,
  "mean_iou_stage2": 0.02269445044108626,
  "precision": 0.9284875090187589,
  "recall": 0.8195536616161615,
  "numeracy_accuracy": 0.4075
}