{
  "extra_miss_ratio": 0.48149305555555555,
  "mean_iou": 0.5468201035926987,
  "UniDet": 0.10137400793650794,
  "spatial_accuracy": 0.10572817460317459,
  "mean_iou_stage2": 0.025708710474679743
}