{
  "extra_miss_ratio": 0.47606051587301584,
  "mean_iou": 0.55600876483178,
  "spatial_accuracy": 0.1579246031746032,
  "UniDet": 0.1539424603174603
}