{
  "extra_miss_ratio": 0.4977152777777777,
  "mean_iou": 0.5608744237756905,
  "spatial_accuracy": 0.1611061507936508,
  "UniDet": 0.15708531746031748
}