{
  "extra_miss_ratio": 0.6239404761904762,
  "mean_iou_stage1_2": 0.5925211113727319,
  "mean_iou_stage2": 0.019401097819100037
}