{
  "extra_miss_ratio": 0.5848809523809524,
  "mean_iou": 0.33887847126577364,
  "spatial_accuracy": 0.03482043650793651,
  "UniDet": 0.034463293650793654
}