{
  "extra_miss_ratio": 0.6807738095238096,
  "mean_iou_stage1_2": 0.5524514066356105,
  "mean_iou_stage2": 0.025565734832694975
}