{
  "extra_miss_ratio": 0.5632013888888889,
  "spatial_accuracy": 0.06608630952380952,
  "UniDet": 0.06218353174603175
}