{
  "extra_miss_ratio": 0.46464186507936506,
  "mean_iou": 0.5253793331692619,
  "spatial_accuracy": 0.1348045634920635,
  "UniDet": 0.13130853174603174
}