{
  "extra_miss_ratio": 0.8852083333333333,
  "mean_iou": 0.5386297029031898,
  "mean_iou_stage2": 0.01734437229524637,
  "precision": 0.7477285280508964,
  "recall": 0.5682085137085138,
  "numeracy_accuracy": 0.2225
}