{
  "extra_miss_ratio": 0.6811547619047619,
  "mean_iou_stage2": 0.05022091255821945
}