{
  "extra_miss_ratio": 0.6559999999999999,
  "mean_iou_stage1_2": 0.6152962793445347,
  "mean_iou_stage2": 0.029592979118610634
}