{
  "extra_miss_ratio": 0.9533333333333333,
  "mean_iou": 0.5544626670021898,
  "mean_iou_stage2": 0.021352165456912698,
  "precision": 0.7149705086580086,
  "recall": 0.572329816017316,
  "numeracy_accuracy": 0.2225
}